fecha_hora,demanda
2025-06-10 05:21:25,"49,737 MW"
2025-06-10 06:37:25,"46,749 MW"
2025-06-10 07:25:11,"46,132 MW"
2025-06-10 08:35:27,"43,920 MW"
2025-06-10 09:28:23,"43,252 MW"
2025-06-10 10:28:52,"42,469 MW"
2025-06-10 11:22:06,"42,195 MW"
2025-06-10 12:55:11,"41,658 MW"
2025-06-10 13:38:06,"43,188 MW"
2025-06-10 14:26:28,"44,967 MW"
2025-06-10 15:27:26,"45,862 MW"
2025-06-10 16:33:37,"46,905 MW"
2025-06-10 17:23:16,"47,726 MW"
2025-06-10 18:36:30,"48,661 MW"
2025-06-10 19:20:19,"49,447 MW"
2025-06-10 20:29:07,"50,447 MW"
2025-06-10 21:24:55,"51,274 MW"
2025-06-10 22:25:17,"51,882 MW"
2025-06-10 23:24:18,"51,963 MW"
2025-06-11 02:07:48,"51,939 MW"
2025-06-11 03:51:23,"51,534 MW"
2025-06-11 04:34:47,"50,648 MW"
2025-06-11 05:26:21,"49,051 MW"
2025-06-11 06:37:43,"46,796 MW"
2025-06-11 07:25:29,"45,573 MW"
2025-06-11 08:34:40,"43,864 MW"
2025-06-11 09:28:58,"42,790 MW"
2025-06-11 10:28:52,"41,676 MW"
2025-06-11 11:22:47,"41,643 MW"
2025-06-11 12:54:55,"41,033 MW"
2025-06-11 13:38:00,"42,283 MW"
2025-06-11 14:25:08,"43,480 MW"
2025-06-11 15:29:03,"44,736 MW"
2025-06-11 16:33:45,"45,274 MW"
2025-06-11 17:23:41,"46,139 MW"
2025-06-11 18:36:55,"46,911 MW"
2025-06-11 19:20:23,"48,028 MW"
2025-06-11 20:27:59,"49,215 MW"
2025-06-11 21:24:45,"50,438 MW"
2025-06-11 22:25:08,"50,598 MW"
2025-06-11 23:25:32,"51,177 MW"
2025-06-12 02:06:04,"50,565 MW"
2025-06-12 03:50:35,"50,005 MW"
2025-06-12 04:33:35,"49,555 MW"
2025-06-12 05:26:05,"48,217 MW"
2025-06-12 06:37:54,"46,144 MW"
2025-06-12 07:25:30,"44,713 MW"
2025-06-12 08:34:40,"43,223 MW"
2025-06-12 09:28:08,"42,512 MW"
2025-06-12 10:29:09,"41,517 MW"
2025-06-12 11:22:31,"41,762 MW"
2025-06-12 12:54:00,"41,385 MW"
2025-06-12 13:38:03,"42,568 MW"
2025-06-12 14:26:53,"43,765 MW"
2025-06-12 15:28:54,"44,894 MW"
2025-06-12 16:33:16,"46,014 MW"
2025-06-12 17:23:43,"46,566 MW"
2025-06-12 18:35:48,"47,493 MW"
2025-06-12 19:20:31,"48,424 MW"
2025-06-12 20:28:58,"49,608 MW"
2025-06-12 21:24:32,"50,896 MW"
2025-06-12 22:25:12,"51,139 MW"
2025-06-12 23:25:06,"51,242 MW"
2025-06-13 02:07:43,"50,261 MW"
2025-06-13 03:50:55,"49,752 MW"
2025-06-13 04:33:55,"49,234 MW"
2025-06-13 05:26:10,"48,163 MW"
2025-06-13 06:37:51,"45,766 MW"
2025-06-13 07:25:04,"44,575 MW"
2025-06-13 08:34:13,"42,780 MW"
2025-06-13 09:28:06,"41,821 MW"
2025-06-13 10:28:58,"41,249 MW"
2025-06-13 11:22:32,"41,135 MW"
2025-06-13 12:53:26,"40,485 MW"
2025-06-13 13:36:29,"41,555 MW"
2025-06-13 14:26:01,"43,463 MW"
2025-06-13 15:28:12,"44,665 MW"
2025-06-13 16:33:10,"45,527 MW"
2025-06-13 17:23:42,"46,341 MW"
2025-06-13 18:36:10,"47,579 MW"
2025-06-13 19:20:45,"47,929 MW"
2025-06-13 20:28:52,"48,852 MW"
2025-06-13 21:24:57,"49,931 MW"
2025-06-13 22:25:03,"50,092 MW"
2025-06-13 23:25:56,"50,547 MW"
2025-06-14 02:03:10,"49,709 MW"
2025-06-14 03:46:58,"49,244 MW"
2025-06-14 04:30:45,"48,436 MW"
2025-06-14 05:26:16,"47,698 MW"
2025-06-14 06:34:24,"45,958 MW"
2025-06-14 07:22:56,"44,521 MW"
2025-06-14 08:30:39,"42,963 MW"
2025-06-14 09:26:40,"41,858 MW"
2025-06-14 10:25:46,"41,314 MW"
2025-06-14 11:19:17,"40,868 MW"
2025-06-14 12:49:16,"39,682 MW"
2025-06-14 13:31:57,"40,555 MW"
2025-06-14 14:22:14,"40,972 MW"
2025-06-14 15:24:38,"42,571 MW"
2025-06-14 16:29:52,"43,179 MW"
2025-06-14 17:21:17,"43,578 MW"
2025-06-14 18:32:39,"44,805 MW"
2025-06-14 19:19:05,"45,314 MW"
2025-06-14 20:26:01,"45,359 MW"
2025-06-14 21:22:58,"45,859 MW"
2025-06-14 22:24:29,"46,323 MW"
2025-06-14 23:26:03,"46,614 MW"
2025-06-15 02:22:55,"47,930 MW"
2025-06-15 03:54:50,"46,552 MW"
2025-06-15 04:36:20,"45,665 MW"
2025-06-15 05:24:45,"44,628 MW"
2025-06-15 06:34:42,"42,811 MW"
2025-06-15 07:24:13,"41,447 MW"
2025-06-15 08:31:06,"40,447 MW"
2025-06-15 09:25:44,"39,547 MW"
2025-06-15 10:27:59,"38,229 MW"
2025-06-15 11:19:57,"37,813 MW"
2025-06-15 12:49:53,"36,003 MW"
2025-06-15 13:31:48,"36,087 MW"
2025-06-15 14:22:19,"36,488 MW"
2025-06-15 15:24:35,"36,853 MW"
2025-06-15 16:29:38,"37,597 MW"
2025-06-15 17:21:50,"38,170 MW"
2025-06-15 18:33:41,"38,735 MW"
2025-06-15 19:19:54,"39,340 MW"
2025-06-15 20:26:40,"40,017 MW"
2025-06-15 21:22:50,"40,562 MW"
2025-06-15 22:24:22,"40,939 MW"
2025-06-15 23:23:35,"41,517 MW"
2025-06-16 02:11:32,"44,523 MW"
2025-06-16 03:55:31,"45,144 MW"
2025-06-16 04:38:12,"44,289 MW"
2025-06-16 05:28:25,"43,511 MW"
2025-06-16 06:39:34,"41,266 MW"
2025-06-16 07:27:07,"40,599 MW"
2025-06-16 08:36:01,"38,698 MW"
2025-06-16 09:30:13,"38,215 MW"
2025-06-16 10:30:06,"37,795 MW"
2025-06-16 11:22:49,"37,646 MW"
2025-06-16 12:55:48,"38,686 MW"
2025-06-16 13:39:31,"40,555 MW"
2025-06-16 14:27:06,"42,453 MW"
2025-06-16 15:28:58,"43,889 MW"
2025-06-16 16:34:00,"44,664 MW"
2025-06-16 17:23:24,"45,729 MW"
2025-06-16 18:36:40,"46,889 MW"
2025-06-16 19:20:03,"47,643 MW"
2025-06-16 20:28:55,"48,464 MW"
2025-06-16 21:24:52,"49,731 MW"
2025-06-16 22:25:38,"49,874 MW"
2025-06-16 23:24:39,"49,781 MW"
2025-06-17 02:08:17,"49,671 MW"
2025-06-17 03:51:21,"48,911 MW"
2025-06-17 04:34:24,"47,911 MW"
2025-06-17 05:26:32,"47,095 MW"
2025-06-17 06:37:48,"44,833 MW"
2025-06-17 07:26:11,"43,737 MW"
2025-06-17 08:35:14,"41,795 MW"
2025-06-17 09:29:00,"41,311 MW"
2025-06-17 10:29:11,"40,802 MW"
2025-06-17 11:22:43,"40,459 MW"
2025-06-17 12:55:23,"40,674 MW"
2025-06-17 13:37:34,"41,809 MW"
2025-06-17 14:27:41,"42,561 MW"
2025-06-17 15:29:34,"43,995 MW"
2025-06-17 16:34:13,"44,867 MW"
2025-06-17 17:24:05,"45,669 MW"
2025-06-17 18:37:01,"46,703 MW"
2025-06-17 19:20:43,"47,268 MW"
2025-06-17 20:28:26,"48,432 MW"
2025-06-17 21:25:17,"49,312 MW"
2025-06-17 22:25:03,"49,798 MW"
2025-06-17 23:24:28,"49,768 MW"
2025-06-18 02:07:06,"49,980 MW"
2025-06-18 03:51:24,"49,279 MW"
2025-06-18 04:34:53,"48,423 MW"
2025-06-18 05:26:28,"47,299 MW"
2025-06-18 06:37:47,"45,000 MW"
2025-06-18 07:25:45,"43,593 MW"
2025-06-18 08:34:44,"42,274 MW"
2025-06-18 09:29:08,"41,503 MW"
2025-06-18 10:28:40,"40,572 MW"
2025-06-18 11:22:58,"40,773 MW"
2025-06-18 12:55:18,"40,734 MW"
2025-06-18 13:38:25,"41,759 MW"
2025-06-18 14:27:17,"43,314 MW"
2025-06-18 15:29:26,"44,949 MW"
2025-06-18 16:34:20,"44,942 MW"
2025-06-18 17:25:02,"46,227 MW"
2025-06-18 18:36:48,"47,285 MW"
2025-06-18 19:20:54,"47,832 MW"
2025-06-18 20:29:59,"48,798 MW"
2025-06-18 21:24:48,"49,538 MW"
2025-06-18 22:25:02,"50,022 MW"
2025-06-18 23:24:35,"49,808 MW"
2025-06-19 02:07:47,"49,784 MW"
2025-06-19 03:51:36,"48,810 MW"
2025-06-19 04:34:14,"47,882 MW"
2025-06-19 05:26:25,"46,846 MW"
2025-06-19 06:37:44,"44,631 MW"
2025-06-19 07:25:24,"43,483 MW"
2025-06-19 08:34:56,"41,973 MW"
2025-06-19 09:28:30,"41,392 MW"
2025-06-19 10:28:40,"40,629 MW"
2025-06-19 11:22:36,"40,059 MW"
2025-06-19 12:54:14,"40,389 MW"
2025-06-19 13:36:42,"41,811 MW"
2025-06-19 14:26:06,"43,682 MW"
2025-06-19 15:27:45,"44,458 MW"
2025-06-19 16:33:00,"45,447 MW"
2025-06-19 17:24:39,"46,302 MW"
2025-06-19 18:35:27,"46,929 MW"
2025-06-19 19:18:33,"47,365 MW"
2025-06-19 20:29:37,"48,178 MW"
2025-06-19 21:23:57,"48,367 MW"
2025-06-19 22:24:43,"49,102 MW"
2025-06-19 23:25:19,"49,135 MW"
2025-06-20 02:06:59,"48,580 MW"
2025-06-20 03:50:21,"47,415 MW"
2025-06-20 04:33:42,"46,801 MW"
2025-06-20 05:26:48,"45,462 MW"
2025-06-20 06:37:37,"43,522 MW"
2025-06-20 07:25:13,"42,218 MW"
2025-06-20 08:34:14,"41,220 MW"
2025-06-20 09:27:46,"40,570 MW"
2025-06-20 10:28:17,"39,916 MW"
2025-06-20 11:22:18,"39,514 MW"
2025-06-20 12:53:49,"39,884 MW"
2025-06-20 13:36:05,"40,651 MW"
2025-06-20 14:25:48,"42,588 MW"
2025-06-20 15:27:12,"44,367 MW"
2025-06-20 16:32:19,"44,825 MW"
2025-06-20 17:23:11,"45,287 MW"
2025-06-20 18:36:03,"45,930 MW"
2025-06-20 19:20:30,"46,371 MW"
2025-06-20 20:28:13,"46,883 MW"
2025-06-20 21:23:29,"47,550 MW"
2025-06-20 22:25:05,"47,647 MW"
2025-06-20 23:25:12,"46,534 MW"
2025-06-21 02:04:32,"46,821 MW"
2025-06-21 03:48:24,"45,812 MW"
2025-06-21 04:31:25,"45,281 MW"
2025-06-21 05:25:12,"44,015 MW"
2025-06-21 06:34:53,"42,417 MW"
2025-06-21 07:23:17,"40,997 MW"
2025-06-21 08:31:05,"40,005 MW"
2025-06-21 09:26:50,"39,431 MW"
2025-06-21 10:26:35,"38,900 MW"
2025-06-21 11:21:46,"38,269 MW"
2025-06-21 12:49:37,"37,732 MW"
2025-06-21 13:31:58,"38,353 MW"
2025-06-21 14:23:45,"39,179 MW"
2025-06-21 15:24:34,"40,361 MW"
2025-06-21 16:30:35,"41,031 MW"
2025-06-21 17:21:39,"41,289 MW"
2025-06-21 18:32:51,"42,035 MW"
2025-06-21 19:20:21,"42,333 MW"
2025-06-21 20:26:13,"42,132 MW"
2025-06-21 21:22:20,"42,809 MW"
2025-06-21 22:23:48,"42,841 MW"
2025-06-21 23:23:55,"43,506 MW"
2025-06-22 02:22:56,"44,651 MW"
2025-06-22 03:56:02,"43,261 MW"
2025-06-22 04:37:13,"41,977 MW"
2025-06-22 05:25:21,"40,933 MW"
2025-06-22 06:35:22,"39,364 MW"
2025-06-22 07:24:06,"38,100 MW"
2025-06-22 08:31:34,"36,877 MW"
2025-06-22 09:26:00,"36,465 MW"
2025-06-22 10:26:13,"35,159 MW"
2025-06-22 11:20:08,"34,761 MW"
2025-06-22 12:49:20,"33,505 MW"
2025-06-22 13:31:56,"33,486 MW"
2025-06-22 14:23:14,"33,714 MW"
2025-06-22 15:24:44,"34,864 MW"
2025-06-22 16:30:21,"35,527 MW"
2025-06-22 17:23:57,"36,153 MW"
2025-06-22 18:33:39,"36,609 MW"
2025-06-22 19:19:54,"37,803 MW"
2025-06-22 20:26:37,"38,768 MW"
2025-06-22 21:22:58,"38,322 MW"
2025-06-22 22:24:20,"38,906 MW"
2025-06-22 23:24:12,"39,731 MW"
2025-06-23 02:21:07,"42,526 MW"
2025-06-23 03:57:55,"41,978 MW"
2025-06-23 04:41:30,"41,287 MW"
2025-06-23 05:28:33,"39,646 MW"
2025-06-23 06:39:47,"38,190 MW"
2025-06-23 07:27:22,"36,822 MW"
2025-06-23 08:36:38,"36,079 MW"
2025-06-23 09:30:40,"35,156 MW"
2025-06-23 10:30:01,"35,161 MW"
2025-06-23 11:23:28,"35,555 MW"
2025-06-23 12:56:01,"36,832 MW"
2025-06-23 13:40:30,"38,262 MW"
2025-06-23 14:27:39,"40,709 MW"
2025-06-23 15:29:21,"41,777 MW"
2025-06-23 16:34:31,"42,916 MW"
2025-06-23 17:24:39,"43,891 MW"
2025-06-23 18:37:06,"44,975 MW"
2025-06-23 19:20:47,"45,308 MW"
2025-06-23 20:29:12,"46,727 MW"
2025-06-23 21:24:57,"47,145 MW"
2025-06-23 22:26:18,"47,602 MW"
2025-06-23 23:21:51,"46,289 MW"
2025-06-24 02:08:46,"46,953 MW"
2025-06-24 03:52:10,"45,853 MW"
2025-06-24 04:35:29,"44,935 MW"
2025-06-24 05:27:51,"43,294 MW"
2025-06-24 06:38:50,"41,713 MW"
2025-06-24 07:26:29,"40,437 MW"
2025-06-24 08:35:36,"39,286 MW"
2025-06-24 09:29:45,"38,974 MW"
2025-06-24 10:29:44,"38,286 MW"
2025-06-24 11:22:59,"38,270 MW"
2025-06-24 12:55:22,"38,483 MW"
2025-06-24 13:39:04,"39,569 MW"
2025-06-24 14:27:44,"40,956 MW"
2025-06-24 15:29:32,"41,983 MW"
2025-06-24 16:34:07,"42,919 MW"
2025-06-24 17:25:18,"43,327 MW"
2025-06-24 18:36:58,"44,591 MW"
2025-06-24 19:21:06,"44,973 MW"
2025-06-24 20:29:24,"45,718 MW"
2025-06-24 21:25:15,"46,160 MW"
2025-06-24 22:25:34,"46,573 MW"
2025-06-24 23:25:28,"46,320 MW"
2025-06-25 02:09:03,"46,474 MW"
2025-06-25 03:54:05,"45,734 MW"
2025-06-25 04:36:00,"44,955 MW"
2025-06-25 05:27:25,"43,888 MW"
2025-06-25 06:38:50,"41,683 MW"
2025-06-25 07:26:31,"40,599 MW"
2025-06-25 08:35:57,"39,214 MW"
2025-06-25 09:30:52,"38,631 MW"
2025-06-25 10:29:52,"37,758 MW"
2025-06-25 11:23:26,"37,873 MW"
2025-06-25 12:56:01,"38,342 MW"
2025-06-25 13:40:08,"39,262 MW"
2025-06-25 14:27:14,"40,717 MW"
2025-06-25 15:29:54,"41,886 MW"
2025-06-25 16:34:52,"42,674 MW"
2025-06-25 17:24:40,"43,451 MW"
2025-06-25 18:37:48,"44,091 MW"
2025-06-25 19:18:48,"44,751 MW"
2025-06-25 20:29:42,"46,046 MW"
2025-06-25 21:25:15,"46,622 MW"
2025-06-25 22:25:39,"47,298 MW"
2025-06-25 23:24:58,"46,975 MW"
2025-06-26 02:08:26,"46,989 MW"
2025-06-26 03:52:08,"46,162 MW"
2025-06-26 04:36:02,"44,848 MW"
2025-06-26 05:27:33,"44,116 MW"
2025-06-26 06:38:56,"41,603 MW"
2025-06-26 07:26:19,"40,434 MW"
2025-06-26 08:35:19,"39,481 MW"
2025-06-26 09:29:20,"38,179 MW"
2025-06-26 10:29:09,"38,000 MW"
2025-06-26 11:22:44,"37,864 MW"
2025-06-26 12:55:25,"38,235 MW"
2025-06-26 13:38:02,"39,690 MW"
2025-06-26 14:26:31,"40,958 MW"
2025-06-26 15:28:22,"41,865 MW"
2025-06-26 16:33:15,"42,546 MW"
2025-06-26 17:23:39,"43,259 MW"
2025-06-26 18:36:42,"43,904 MW"
2025-06-26 19:21:02,"44,335 MW"
2025-06-26 20:29:07,"45,464 MW"
2025-06-26 21:25:38,"46,016 MW"
2025-06-26 22:25:49,"47,325 MW"
2025-06-26 23:24:59,"47,153 MW"
2025-06-27 02:09:13,"46,539 MW"
2025-06-27 03:52:39,"45,827 MW"
2025-06-27 04:35:06,"45,670 MW"
2025-06-27 05:26:52,"44,006 MW"
2025-06-27 06:38:23,"41,395 MW"
2025-06-27 07:25:54,"40,130 MW"
2025-06-27 08:34:56,"38,940 MW"
2025-06-27 09:28:05,"38,674 MW"
2025-06-27 10:28:52,"37,474 MW"
2025-06-27 11:22:32,"37,726 MW"
2025-06-27 12:53:52,"38,097 MW"
2025-06-27 13:36:09,"39,079 MW"
2025-06-27 14:25:50,"40,518 MW"
2025-06-27 15:27:38,"41,978 MW"
2025-06-27 16:32:34,"42,586 MW"
2025-06-27 17:23:21,"43,137 MW"
2025-06-27 18:36:00,"44,117 MW"
2025-06-27 19:18:50,"45,160 MW"
2025-06-27 20:28:29,"46,151 MW"
2025-06-27 21:22:40,"46,729 MW"
2025-06-27 22:26:45,"46,998 MW"
2025-06-27 23:25:44,"46,926 MW"
2025-06-28 02:04:12,"46,080 MW"
2025-06-28 03:48:09,"45,236 MW"
2025-06-28 04:32:37,"44,667 MW"
2025-06-28 05:26:01,"43,809 MW"
2025-06-28 06:35:03,"42,564 MW"
2025-06-28 07:23:43,"41,358 MW"
2025-06-28 08:31:17,"39,910 MW"
2025-06-28 09:28:17,"38,303 MW"
2025-06-28 10:26:03,"37,808 MW"
2025-06-28 11:20:24,"37,716 MW"
2025-06-28 12:49:55,"36,605 MW"
2025-06-28 13:32:04,"37,327 MW"
2025-06-28 14:22:45,"37,798 MW"
2025-06-28 15:25:00,"39,221 MW"
2025-06-28 16:30:22,"39,968 MW"
2025-06-28 17:21:38,"40,511 MW"
2025-06-28 18:33:35,"41,301 MW"
2025-06-28 19:19:41,"42,066 MW"
2025-06-28 20:26:41,"42,106 MW"
2025-06-28 21:22:57,"42,315 MW"
2025-06-28 22:24:04,"43,128 MW"
2025-06-28 23:24:06,"43,783 MW"
2025-06-29 02:25:15,"44,987 MW"
2025-06-29 03:59:31,"43,965 MW"
2025-06-29 04:45:13,"43,042 MW"
2025-06-29 05:27:57,"41,801 MW"
2025-06-29 06:36:19,"40,171 MW"
2025-06-29 07:24:30,"38,771 MW"
2025-06-29 08:31:42,"37,218 MW"
2025-06-29 09:25:46,"36,398 MW"
2025-06-29 10:28:40,"35,861 MW"
2025-06-29 11:20:35,"35,331 MW"
2025-06-29 12:50:35,"34,014 MW"
2025-06-29 13:32:50,"34,062 MW"
2025-06-29 14:22:57,"34,107 MW"
2025-06-29 15:25:20,"34,984 MW"
2025-06-29 16:30:12,"35,439 MW"
2025-06-29 17:21:51,"35,905 MW"
2025-06-29 18:33:42,"36,707 MW"
2025-06-29 19:19:48,"37,292 MW"
2025-06-29 20:27:15,"37,982 MW"
2025-06-29 21:23:21,"38,347 MW"
2025-06-29 22:24:32,"39,022 MW"
2025-06-29 23:24:19,"39,831 MW"
2025-06-30 02:20:02,"42,318 MW"
2025-06-30 03:57:23,"42,004 MW"
2025-06-30 04:40:40,"41,242 MW"
2025-06-30 05:29:22,"40,489 MW"
2025-06-30 06:39:42,"38,366 MW"
2025-06-30 07:27:34,"37,819 MW"
2025-06-30 08:36:24,"36,726 MW"
2025-06-30 09:30:41,"35,283 MW"
2025-06-30 10:30:53,"34,987 MW"
2025-06-30 11:22:52,"35,256 MW"
2025-06-30 12:55:17,"36,243 MW"
2025-06-30 13:38:06,"37,780 MW"
2025-06-30 14:26:48,"39,503 MW"
2025-06-30 15:29:14,"41,139 MW"
2025-06-30 16:34:02,"41,758 MW"
2025-06-30 17:23:19,"42,480 MW"
2025-06-30 18:36:38,"43,147 MW"
2025-06-30 19:20:12,"43,426 MW"
2025-06-30 20:28:14,"44,722 MW"
2025-06-30 21:24:38,"45,314 MW"
2025-06-30 22:25:51,"45,819 MW"
2025-06-30 23:25:08,"45,931 MW"
2025-07-01 02:26:31,"46,048 MW"
2025-07-01 04:03:04,"45,065 MW"
2025-07-01 05:29:49,"43,097 MW"
2025-07-01 06:39:22,"41,369 MW"
2025-07-01 07:27:38,"39,686 MW"
2025-07-01 08:35:40,"38,578 MW"
2025-07-01 09:30:13,"37,944 MW"
2025-07-01 10:29:52,"37,422 MW"
2025-07-01 11:23:15,"37,396 MW"
2025-07-01 12:55:33,"37,428 MW"
2025-07-01 13:38:11,"38,560 MW"
2025-07-01 14:25:53,"39,314 MW"
2025-07-01 15:28:13,"41,444 MW"
2025-07-01 16:33:41,"42,215 MW"
2025-07-01 17:25:41,"42,481 MW"
2025-07-01 18:36:19,"43,054 MW"
2025-07-01 19:20:38,"43,446 MW"
2025-07-01 20:29:15,"44,252 MW"
2025-07-01 21:25:01,"44,259 MW"
2025-07-01 22:25:30,"45,258 MW"
2025-07-01 23:24:51,"45,216 MW"
2025-07-02 02:08:28,"45,445 MW"
2025-07-02 03:53:59,"44,786 MW"
2025-07-02 04:35:52,"43,816 MW"
2025-07-02 05:29:21,"43,290 MW"
2025-07-02 06:38:56,"41,411 MW"
2025-07-02 07:26:07,"40,265 MW"
2025-07-02 08:35:28,"38,848 MW"
2025-07-02 09:30:31,"38,387 MW"
2025-07-02 10:29:32,"37,975 MW"
2025-07-02 11:23:08,"37,452 MW"
2025-07-02 12:55:22,"37,750 MW"
2025-07-02 13:37:45,"38,608 MW"
2025-07-02 14:26:34,"39,905 MW"
2025-07-02 15:29:06,"40,866 MW"
2025-07-02 16:33:22,"41,723 MW"
2025-07-02 17:24:35,"41,947 MW"
2025-07-02 18:36:57,"43,204 MW"
2025-07-02 19:20:55,"43,706 MW"
2025-07-02 20:27:21,"43,932 MW"
2025-07-02 21:25:08,"45,107 MW"
2025-07-02 22:25:34,"45,401 MW"
2025-07-02 23:26:15,"45,414 MW"
2025-07-03 02:08:51,"46,360 MW"
2025-07-03 03:56:08,"45,476 MW"
2025-07-03 04:38:56,"44,947 MW"
2025-07-03 05:29:43,"43,125 MW"
2025-07-03 06:39:01,"41,955 MW"
2025-07-03 07:26:26,"40,726 MW"
2025-07-03 08:34:36,"39,438 MW"
2025-07-03 09:28:53,"38,617 MW"
2025-07-03 10:29:45,"37,950 MW"
2025-07-03 11:23:18,"37,659 MW"
2025-07-03 12:53:28,"37,575 MW"
2025-07-03 13:36:53,"38,793 MW"
2025-07-03 14:26:18,"39,870 MW"
2025-07-03 15:28:21,"41,529 MW"
2025-07-03 16:33:13,"42,207 MW"
2025-07-03 17:25:27,"42,534 MW"
2025-07-03 18:36:22,"43,277 MW"
2025-07-03 19:20:27,"43,895 MW"
2025-07-03 20:28:29,"45,155 MW"
2025-07-03 21:24:26,"45,922 MW"
2025-07-03 22:25:26,"46,365 MW"
2025-07-03 23:25:17,"46,210 MW"
2025-07-04 02:08:17,"46,656 MW"
2025-07-04 03:53:12,"46,068 MW"
2025-07-04 04:36:15,"45,707 MW"
2025-07-04 05:29:20,"44,394 MW"
2025-07-04 06:39:15,"42,635 MW"
2025-07-04 07:26:42,"41,430 MW"
2025-07-04 08:34:35,"39,768 MW"
2025-07-04 09:29:03,"38,609 MW"
2025-07-04 10:28:43,"38,313 MW"
2025-07-04 11:23:06,"38,061 MW"
2025-07-04 12:53:43,"37,960 MW"
2025-07-04 13:36:12,"39,133 MW"
2025-07-04 14:25:18,"40,456 MW"
2025-07-04 15:26:59,"41,734 MW"
2025-07-04 16:32:12,"42,553 MW"
2025-07-04 17:22:45,"43,484 MW"
2025-07-04 18:35:19,"43,953 MW"
2025-07-04 19:21:11,"45,094 MW"
2025-07-04 20:28:00,"45,884 MW"
2025-07-04 21:24:18,"46,334 MW"
2025-07-04 22:25:38,"46,821 MW"
2025-07-04 23:24:18,"46,684 MW"
2025-07-05 02:04:06,"47,589 MW"
2025-07-05 03:49:43,"46,694 MW"
2025-07-05 04:32:53,"46,158 MW"
2025-07-05 05:25:39,"45,283 MW"
2025-07-05 06:35:20,"43,452 MW"
2025-07-05 07:23:44,"42,150 MW"
2025-07-05 08:31:52,"40,986 MW"
2025-07-05 09:25:48,"39,906 MW"
2025-07-05 10:26:07,"39,028 MW"
2025-07-05 11:20:24,"38,855 MW"
2025-07-05 12:50:20,"37,353 MW"
2025-07-05 13:32:23,"38,622 MW"
2025-07-05 14:25:11,"39,389 MW"
2025-07-05 15:24:59,"39,953 MW"
2025-07-05 16:30:09,"40,473 MW"
2025-07-05 17:22:35,"41,447 MW"
2025-07-05 18:33:09,"42,124 MW"
2025-07-05 19:19:58,"42,887 MW"
2025-07-05 20:26:39,"42,859 MW"
2025-07-05 21:24:01,"43,721 MW"
2025-07-05 22:24:06,"43,922 MW"
2025-07-05 23:25:23,"44,396 MW"
2025-07-06 02:23:47,"46,042 MW"
2025-07-06 03:57:57,"45,452 MW"
2025-07-06 04:39:55,"44,644 MW"
2025-07-06 05:26:22,"42,981 MW"
2025-07-06 06:36:02,"41,082 MW"
2025-07-06 07:23:22,"40,178 MW"
2025-07-06 08:31:37,"38,673 MW"
2025-07-06 09:25:24,"37,475 MW"
2025-07-06 10:27:03,"36,519 MW"
2025-07-06 11:21:30,"36,187 MW"
2025-07-06 12:50:50,"34,481 MW"
2025-07-06 13:32:46,"34,712 MW"
2025-07-06 14:23:08,"35,174 MW"
2025-07-06 15:25:12,"35,283 MW"
2025-07-06 16:30:29,"35,829 MW"
2025-07-06 17:22:30,"36,198 MW"
2025-07-06 18:34:02,"37,333 MW"
2025-07-06 19:20:34,"37,806 MW"
2025-07-06 20:27:38,"38,588 MW"
2025-07-06 21:23:38,"39,182 MW"
2025-07-06 22:25:41,"39,881 MW"
2025-07-06 23:24:20,"40,836 MW"
2025-07-07 02:20:34,"43,634 MW"
2025-07-07 03:57:54,"43,616 MW"
2025-07-07 04:41:23,"42,802 MW"
2025-07-07 05:30:01,"41,713 MW"
2025-07-07 06:40:14,"40,001 MW"
2025-07-07 07:27:21,"38,915 MW"
2025-07-07 08:37:08,"37,537 MW"
2025-07-07 09:30:50,"36,771 MW"
2025-07-07 10:30:16,"36,431 MW"
2025-07-07 11:22:59,"36,508 MW"
2025-07-07 12:55:43,"37,237 MW"
2025-07-07 13:38:40,"38,769 MW"
2025-07-07 14:27:05,"40,222 MW"
2025-07-07 15:27:56,"41,497 MW"
2025-07-07 16:34:18,"42,741 MW"
2025-07-07 17:24:16,"43,232 MW"
2025-07-07 18:37:23,"44,600 MW"
2025-07-07 19:21:53,"45,624 MW"
2025-07-07 20:29:43,"46,470 MW"
2025-07-07 21:25:03,"47,143 MW"
2025-07-07 22:26:22,"47,764 MW"
2025-07-07 23:25:07,"47,306 MW"
2025-07-08 02:09:22,"47,698 MW"
2025-07-08 03:54:12,"46,234 MW"
2025-07-08 04:36:15,"45,484 MW"
2025-07-08 05:27:53,"44,400 MW"
2025-07-08 06:39:13,"42,487 MW"
2025-07-08 07:26:32,"40,900 MW"
2025-07-08 08:35:49,"39,602 MW"
2025-07-08 09:29:46,"38,325 MW"
2025-07-08 10:29:14,"38,027 MW"
2025-07-08 11:23:23,"38,326 MW"
2025-07-08 12:55:33,"38,136 MW"
2025-07-08 13:40:33,"39,648 MW"
2025-07-08 14:26:08,"40,779 MW"
2025-07-08 15:28:55,"41,829 MW"
2025-07-08 16:34:41,"42,853 MW"
2025-07-08 17:24:33,"43,277 MW"
2025-07-08 18:37:46,"44,336 MW"
2025-07-08 19:21:05,"45,056 MW"
2025-07-08 20:29:26,"45,940 MW"
2025-07-08 21:25:34,"46,924 MW"
2025-07-08 22:26:13,"47,377 MW"
2025-07-08 23:26:00,"47,026 MW"
2025-07-09 02:11:04,"47,263 MW"
2025-07-09 03:56:35,"46,169 MW"
2025-07-09 04:40:31,"45,688 MW"
2025-07-09 05:31:14,"44,325 MW"
2025-07-09 06:39:32,"42,318 MW"
2025-07-09 07:26:46,"41,612 MW"
2025-07-09 08:35:46,"39,716 MW"
2025-07-09 09:30:44,"38,650 MW"
2025-07-09 10:30:22,"38,223 MW"
2025-07-09 11:23:53,"37,927 MW"
2025-07-09 12:55:33,"38,448 MW"
2025-07-09 13:39:01,"39,573 MW"
2025-07-09 14:26:50,"41,321 MW"
2025-07-09 15:29:09,"42,418 MW"
2025-07-09 16:33:41,"42,788 MW"
2025-07-09 17:25:35,"43,443 MW"
2025-07-09 18:38:20,"44,109 MW"
2025-07-09 19:21:34,"44,538 MW"
2025-07-09 20:29:24,"46,147 MW"
2025-07-09 21:25:29,"46,333 MW"
2025-07-09 22:26:04,"46,943 MW"
2025-07-09 23:25:49,"46,922 MW"
2025-07-10 02:11:06,"47,101 MW"
2025-07-10 03:56:00,"46,403 MW"
2025-07-10 04:38:37,"45,868 MW"
2025-07-10 05:29:33,"44,582 MW"
2025-07-10 06:39:48,"42,597 MW"
2025-07-10 07:26:58,"41,265 MW"
2025-07-10 08:35:34,"39,985 MW"
2025-07-10 09:30:30,"38,871 MW"
2025-07-10 10:30:03,"38,466 MW"
2025-07-10 11:23:38,"38,200 MW"
2025-07-10 12:56:08,"38,700 MW"
2025-07-10 13:40:28,"39,803 MW"
2025-07-10 14:27:46,"40,774 MW"
2025-07-10 15:30:55,"41,751 MW"
2025-07-10 16:34:36,"42,010 MW"
2025-07-10 17:25:56,"42,323 MW"
2025-07-10 18:37:35,"44,716 MW"
2025-07-10 19:21:25,"44,868 MW"
2025-07-10 20:29:41,"45,747 MW"
2025-07-10 21:26:31,"46,996 MW"
2025-07-10 22:25:54,"47,859 MW"
2025-07-10 23:25:45,"47,616 MW"
2025-07-11 02:20:00,"47,909 MW"
2025-07-11 04:01:16,"47,506 MW"
2025-07-11 05:29:31,"45,552 MW"
2025-07-11 06:39:18,"43,622 MW"
2025-07-11 07:27:57,"42,530 MW"
2025-07-11 08:35:38,"40,655 MW"
2025-07-11 09:29:25,"39,871 MW"
2025-07-11 10:29:28,"39,262 MW"
2025-07-11 11:23:46,"39,212 MW"
2025-07-11 12:54:58,"39,052 MW"
2025-07-11 13:37:47,"40,298 MW"
2025-07-11 14:27:20,"41,541 MW"
2025-07-11 15:28:59,"42,686 MW"
2025-07-11 16:34:07,"43,383 MW"
2025-07-11 17:24:53,"43,866 MW"
2025-07-11 18:37:18,"45,103 MW"
2025-07-11 19:22:35,"45,502 MW"
2025-07-11 20:29:30,"46,769 MW"
2025-07-11 21:25:31,"47,480 MW"
2025-07-11 22:26:42,"48,292 MW"
2025-07-11 23:25:52,"47,927 MW"
2025-07-12 02:20:25,"48,053 MW"
2025-07-12 03:56:36,"46,776 MW"
2025-07-12 04:38:10,"46,454 MW"
2025-07-12 05:27:08,"45,654 MW"
2025-07-12 06:36:52,"43,900 MW"
2025-07-12 07:25:10,"42,715 MW"
2025-07-12 08:32:13,"41,054 MW"
2025-07-12 09:26:12,"40,212 MW"
2025-07-12 10:27:00,"39,417 MW"
2025-07-12 11:22:07,"38,986 MW"
2025-07-12 12:51:28,"38,195 MW"
2025-07-12 13:33:28,"38,329 MW"
2025-07-12 14:24:06,"39,191 MW"
2025-07-12 15:26:15,"40,146 MW"
2025-07-12 16:31:17,"40,484 MW"
2025-07-12 17:22:12,"41,591 MW"
2025-07-12 18:34:47,"42,735 MW"
2025-07-12 19:20:18,"43,008 MW"
2025-07-12 20:27:27,"43,386 MW"
2025-07-12 21:23:48,"44,053 MW"
2025-07-12 22:25:27,"44,575 MW"
2025-07-12 23:27:09,"44,721 MW"
2025-07-13 02:28:49,"46,225 MW"
2025-07-13 04:03:30,"44,978 MW"
2025-07-13 05:28:07,"42,853 MW"
2025-07-13 06:37:24,"40,851 MW"
2025-07-13 07:26:40,"39,932 MW"
2025-07-13 08:32:01,"38,329 MW"
2025-07-13 09:28:56,"37,509 MW"
2025-07-13 10:28:31,"36,734 MW"
2025-07-13 11:21:22,"36,064 MW"
2025-07-13 12:51:42,"34,163 MW"
2025-07-13 13:34:04,"34,550 MW"
2025-07-13 14:23:46,"34,638 MW"
2025-07-13 15:25:40,"35,160 MW"
2025-07-13 16:31:11,"35,706 MW"
2025-07-13 17:22:13,"36,201 MW"
2025-07-13 18:34:51,"36,614 MW"
2025-07-13 19:20:59,"37,444 MW"
2025-07-13 20:27:26,"38,484 MW"
2025-07-13 21:23:54,"39,356 MW"
2025-07-13 22:25:58,"39,587 MW"
2025-07-13 23:26:42,"39,987 MW"
2025-07-14 02:24:17,"42,931 MW"
2025-07-14 04:05:56,"43,164 MW"
2025-07-14 05:32:28,"41,564 MW"
2025-07-14 06:41:32,"39,446 MW"
2025-07-14 07:29:47,"38,537 MW"
2025-07-14 08:39:42,"37,329 MW"
2025-07-14 09:35:03,"36,690 MW"
2025-07-14 10:30:44,"36,328 MW"
2025-07-14 11:24:17,"36,332 MW"
2025-07-14 12:56:51,"36,940 MW"
2025-07-14 13:42:18,"38,749 MW"
2025-07-14 14:28:15,"40,530 MW"
2025-07-14 15:30:16,"41,609 MW"
2025-07-14 16:35:11,"42,468 MW"
2025-07-14 17:26:08,"43,009 MW"
2025-07-14 18:40:41,"44,193 MW"
2025-07-14 19:20:52,"45,302 MW"
2025-07-14 20:30:05,"46,263 MW"
2025-07-14 21:26:37,"47,315 MW"
2025-07-14 22:27:04,"47,767 MW"
2025-07-14 23:25:26,"47,449 MW"
2025-07-15 02:24:55,"47,628 MW"
2025-07-15 04:02:50,"46,971 MW"
2025-07-15 05:31:24,"45,115 MW"
2025-07-15 06:41:03,"42,692 MW"
2025-07-15 07:28:29,"41,534 MW"
2025-07-15 08:36:54,"40,452 MW"
2025-07-15 09:34:59,"39,380 MW"
2025-07-15 10:30:12,"39,084 MW"
2025-07-15 11:24:15,"38,956 MW"
2025-07-15 12:57:42,"38,718 MW"
2025-07-15 13:43:30,"40,034 MW"
2025-07-15 14:26:28,"40,979 MW"
2025-07-15 15:28:52,"42,379 MW"
2025-07-15 16:35:32,"43,042 MW"
2025-07-15 17:25:28,"43,968 MW"
2025-07-15 18:40:13,"44,709 MW"
2025-07-15 19:22:56,"45,510 MW"
2025-07-15 20:30:28,"46,372 MW"
2025-07-15 21:26:21,"47,329 MW"
2025-07-15 22:27:35,"47,857 MW"
2025-07-15 23:25:44,"47,454 MW"
2025-07-16 02:20:29,"47,837 MW"
2025-07-16 04:01:16,"47,011 MW"
2025-07-16 05:32:36,"44,973 MW"
2025-07-16 06:40:49,"43,385 MW"
2025-07-16 07:28:07,"42,224 MW"
2025-07-16 08:36:49,"40,325 MW"
2025-07-16 09:33:22,"39,680 MW"
2025-07-16 10:31:18,"39,179 MW"
2025-07-16 11:24:25,"39,160 MW"
2025-07-16 12:58:06,"38,643 MW"
2025-07-16 13:45:47,"39,946 MW"
2025-07-16 14:26:42,"41,231 MW"
2025-07-16 15:30:49,"42,400 MW"
2025-07-16 16:35:56,"43,024 MW"
2025-07-16 17:27:02,"43,363 MW"
2025-07-16 18:39:35,"44,785 MW"
2025-07-16 19:23:04,"45,396 MW"
2025-07-16 20:30:39,"46,619 MW"
2025-07-16 21:26:39,"47,337 MW"
2025-07-16 22:27:08,"48,130 MW"
2025-07-16 23:27:03,"48,062 MW"
2025-07-17 02:21:07,"48,539 MW"
2025-07-17 04:00:42,"47,683 MW"
2025-07-17 05:31:33,"46,211 MW"
2025-07-17 06:40:35,"44,110 MW"
2025-07-17 07:28:31,"42,654 MW"
2025-07-17 08:36:48,"40,920 MW"
2025-07-17 09:32:10,"40,034 MW"
2025-07-17 10:30:59,"39,803 MW"
2025-07-17 11:24:44,"39,648 MW"
2025-07-17 12:57:23,"38,991 MW"
2025-07-17 13:43:17,"39,789 MW"
2025-07-17 14:26:20,"41,147 MW"
2025-07-17 15:30:43,"42,333 MW"
2025-07-17 16:35:20,"42,978 MW"
2025-07-17 17:26:15,"43,695 MW"
2025-07-17 18:40:13,"45,321 MW"
2025-07-17 19:23:13,"45,638 MW"
2025-07-17 21:26:17,"47,948 MW"
2025-07-17 22:27:01,"48,514 MW"
2025-07-17 23:27:22,"48,330 MW"
2025-07-18 02:22:35,"48,223 MW"
2025-07-18 04:02:59,"47,332 MW"
2025-07-18 05:32:27,"45,475 MW"
2025-07-18 06:40:24,"43,426 MW"
2025-07-18 07:29:02,"42,430 MW"
2025-07-18 08:36:30,"40,397 MW"
2025-07-18 09:32:04,"39,922 MW"
2025-07-18 10:30:41,"39,249 MW"
2025-07-18 11:24:15,"38,958 MW"
2025-07-18 12:58:24,"38,598 MW"
2025-07-18 13:44:09,"39,799 MW"
2025-07-18 14:27:33,"41,596 MW"
2025-07-18 15:29:10,"42,927 MW"
2025-07-18 16:35:34,"43,240 MW"
2025-07-18 17:26:27,"43,988 MW"
2025-07-18 18:38:23,"45,123 MW"
2025-07-18 19:22:27,"45,323 MW"
2025-07-18 20:29:57,"46,544 MW"
2025-07-18 21:26:38,"47,246 MW"
2025-07-18 22:26:52,"47,728 MW"
2025-07-18 23:26:34,"47,503 MW"
2025-07-19 02:10:39,"47,515 MW"
2025-07-19 03:56:17,"46,417 MW"
2025-07-19 04:38:09,"46,023 MW"
2025-07-19 05:28:12,"44,970 MW"
2025-07-19 06:37:50,"43,179 MW"
2025-07-19 07:24:53,"41,639 MW"
2025-07-19 08:33:33,"40,435 MW"
2025-07-19 09:27:03,"39,480 MW"
2025-07-19 10:28:24,"38,651 MW"
2025-07-19 11:22:10,"38,245 MW"
2025-07-19 12:52:50,"37,083 MW"
2025-07-19 13:35:10,"37,907 MW"
2025-07-19 14:24:20,"38,569 MW"
2025-07-19 15:26:46,"39,480 MW"
2025-07-19 16:32:13,"40,075 MW"
2025-07-19 17:24:52,"40,539 MW"
2025-07-19 18:35:56,"41,480 MW"
2025-07-19 19:20:43,"41,670 MW"
2025-07-19 20:28:33,"41,998 MW"
2025-07-19 21:24:49,"42,153 MW"
2025-07-19 22:26:01,"43,519 MW"
2025-07-19 23:28:27,"43,866 MW"
2025-07-20 02:31:16,"44,861 MW"
2025-07-20 04:09:14,"43,679 MW"
2025-07-20 05:32:03,"41,850 MW"
2025-07-20 06:37:41,"40,213 MW"
2025-07-20 07:24:52,"39,222 MW"
2025-07-20 08:33:13,"37,513 MW"
2025-07-20 09:27:02,"36,515 MW"
2025-07-20 10:29:33,"35,646 MW"
2025-07-20 11:22:08,"35,358 MW"
2025-07-20 12:53:18,"33,416 MW"
2025-07-20 13:36:07,"33,344 MW"
2025-07-20 14:24:56,"33,898 MW"
2025-07-20 15:26:41,"34,053 MW"
2025-07-20 16:32:02,"35,120 MW"
2025-07-20 17:23:37,"35,339 MW"
2025-07-20 18:36:18,"36,615 MW"
2025-07-20 19:20:54,"37,357 MW"
2025-07-20 20:29:15,"38,658 MW"
2025-07-20 21:25:06,"39,186 MW"
2025-07-20 22:26:11,"39,781 MW"
2025-07-20 23:27:02,"40,140 MW"
2025-07-21 02:27:53,"43,624 MW"
2025-07-21 04:08:23,"43,628 MW"
2025-07-21 05:34:21,"41,805 MW"
2025-07-21 06:41:20,"40,292 MW"
2025-07-21 07:34:53,"38,684 MW"
2025-07-21 08:40:12,"37,877 MW"
2025-07-21 09:35:51,"36,660 MW"
2025-07-21 10:31:50,"36,106 MW"
2025-07-21 11:24:51,"36,262 MW"
2025-07-21 12:59:12,"36,838 MW"
2025-07-21 13:47:30,"38,678 MW"
2025-07-21 14:29:54,"40,225 MW"
2025-07-21 15:30:29,"41,808 MW"
2025-07-21 16:35:28,"42,628 MW"
2025-07-21 17:27:11,"43,426 MW"
2025-07-21 18:40:19,"44,659 MW"
2025-07-21 19:23:49,"45,226 MW"
2025-07-21 20:30:42,"46,505 MW"
2025-07-21 21:26:56,"47,428 MW"
2025-07-21 22:27:31,"48,167 MW"
2025-07-21 23:27:12,"48,181 MW"
2025-07-22 02:22:02,"48,622 MW"
2025-07-22 04:02:53,"47,742 MW"
2025-07-22 05:31:58,"46,052 MW"
2025-07-22 06:40:56,"43,691 MW"
2025-07-22 07:29:04,"42,266 MW"
2025-07-22 08:37:54,"41,071 MW"
2025-07-22 09:33:12,"39,815 MW"
2025-07-22 10:31:11,"39,269 MW"
2025-07-22 11:24:22,"39,110 MW"
2025-07-22 12:59:02,"38,709 MW"
2025-07-22 13:46:44,"40,558 MW"
2025-07-22 14:27:29,"41,815 MW"
2025-07-22 15:31:05,"42,487 MW"
2025-07-22 16:36:19,"43,458 MW"
2025-07-22 17:27:27,"44,280 MW"
2025-07-22 18:40:21,"45,126 MW"
2025-07-22 19:23:03,"46,041 MW"
2025-07-22 20:30:52,"47,424 MW"
2025-07-22 21:26:51,"48,259 MW"
2025-07-22 22:26:56,"48,372 MW"
2025-07-22 23:27:03,"48,124 MW"
2025-07-23 02:23:02,"48,442 MW"
2025-07-23 04:04:30,"48,045 MW"
2025-07-23 05:34:42,"46,303 MW"
2025-07-23 06:41:18,"43,713 MW"
2025-07-23 07:30:14,"42,464 MW"
2025-07-23 08:38:18,"40,779 MW"
2025-07-23 09:34:30,"39,935 MW"
2025-07-23 10:31:31,"39,402 MW"
2025-07-23 11:25:07,"39,115 MW"
2025-07-23 12:59:08,"38,357 MW"
2025-07-23 13:45:48,"39,830 MW"
2025-07-23 14:29:48,"41,129 MW"
2025-07-23 15:31:26,"42,588 MW"
2025-07-23 16:36:19,"43,256 MW"
2025-07-23 17:27:55,"43,973 MW"
2025-07-23 18:39:58,"45,036 MW"
2025-07-23 19:23:34,"46,030 MW"
2025-07-23 20:31:05,"46,898 MW"
2025-07-23 21:27:22,"48,207 MW"
2025-07-23 22:27:39,"48,793 MW"
2025-07-23 23:27:27,"48,914 MW"
2025-07-24 02:22:15,"49,461 MW"
2025-07-24 04:03:18,"48,633 MW"
2025-07-24 05:32:36,"47,038 MW"
2025-07-24 06:41:33,"44,540 MW"
2025-07-24 07:29:25,"43,188 MW"
2025-07-24 08:37:33,"41,479 MW"
2025-07-24 09:32:25,"40,690 MW"
2025-07-24 10:31:05,"39,825 MW"
2025-07-24 11:24:38,"39,559 MW"
2025-07-24 12:59:09,"39,025 MW"
2025-07-24 13:46:54,"40,893 MW"
2025-07-24 14:29:16,"41,935 MW"
2025-07-24 15:28:24,"43,025 MW"
2025-07-24 16:33:30,"44,033 MW"
2025-07-24 17:26:54,"44,387 MW"
2025-07-24 18:40:15,"46,206 MW"
2025-07-24 19:23:30,"46,521 MW"
2025-07-24 20:28:57,"47,694 MW"
2025-07-24 21:27:03,"49,015 MW"
2025-07-24 22:27:30,"49,483 MW"
2025-07-24 23:27:29,"49,753 MW"
2025-07-25 02:21:49,"49,582 MW"
2025-07-25 04:02:52,"48,801 MW"
2025-07-25 05:34:08,"46,983 MW"
2025-07-25 06:41:34,"44,961 MW"
2025-07-25 07:29:21,"43,774 MW"
2025-07-25 08:36:36,"42,065 MW"
2025-07-25 09:31:54,"41,169 MW"
2025-07-25 10:31:48,"40,613 MW"
2025-07-25 11:24:11,"39,790 MW"
2025-07-25 12:57:33,"39,390 MW"
2025-07-25 13:42:29,"40,732 MW"
2025-07-25 14:26:54,"42,111 MW"
2025-07-25 15:30:18,"42,964 MW"
2025-07-25 16:34:53,"44,390 MW"
2025-07-25 17:26:51,"44,593 MW"
2025-07-25 18:40:08,"45,839 MW"
2025-07-25 19:22:40,"46,530 MW"
2025-07-25 20:30:23,"47,701 MW"
2025-07-25 21:26:23,"48,493 MW"
2025-07-25 22:26:51,"49,175 MW"
2025-07-25 23:26:47,"49,219 MW"
2025-07-26 02:18:08,"49,575 MW"
2025-07-26 04:01:04,"48,044 MW"
2025-07-26 05:28:53,"47,094 MW"
2025-07-26 06:38:33,"44,822 MW"
2025-07-26 07:25:45,"44,018 MW"
2025-07-26 08:33:20,"42,151 MW"
2025-07-26 09:27:13,"41,156 MW"
2025-07-26 10:27:57,"40,424 MW"
2025-07-26 11:22:42,"39,830 MW"
2025-07-26 12:53:15,"38,384 MW"
2025-07-26 13:37:13,"39,111 MW"
2025-07-26 14:25:33,"40,192 MW"
2025-07-26 15:27:25,"40,927 MW"
2025-07-26 16:32:16,"41,573 MW"
2025-07-26 17:26:01,"42,361 MW"
2025-07-26 18:36:45,"42,682 MW"
2025-07-26 19:20:47,"42,853 MW"
2025-07-26 20:28:29,"43,538 MW"
2025-07-26 21:25:05,"44,050 MW"
2025-07-26 22:26:07,"44,090 MW"
2025-07-26 23:26:10,"44,355 MW"
2025-07-27 02:32:20,"46,043 MW"
2025-07-27 04:10:22,"44,396 MW"
2025-07-27 05:32:37,"42,393 MW"
2025-07-27 06:39:25,"40,656 MW"
2025-07-27 07:25:23,"39,630 MW"
2025-07-27 08:33:07,"38,494 MW"
2025-07-27 09:28:07,"37,448 MW"
2025-07-27 10:28:25,"36,482 MW"
2025-07-27 11:22:10,"36,269 MW"
2025-07-27 12:54:35,"34,830 MW"
2025-07-27 13:36:00,"34,621 MW"
2025-07-27 14:24:52,"35,069 MW"
2025-07-27 15:27:04,"35,328 MW"
2025-07-27 16:32:33,"36,222 MW"
2025-07-27 17:25:05,"36,727 MW"
2025-07-27 18:37:18,"37,360 MW"
2025-07-27 19:22:46,"37,668 MW"
2025-07-27 20:29:32,"39,431 MW"
2025-07-27 21:25:23,"39,833 MW"
2025-07-27 22:26:35,"40,171 MW"
2025-07-27 23:27:07,"40,741 MW"
2025-07-28 02:28:55,"43,638 MW"
2025-07-28 04:10:34,"43,291 MW"
2025-07-28 05:35:21,"41,254 MW"
2025-07-28 06:44:59,"39,721 MW"
2025-07-28 07:31:59,"39,235 MW"
2025-07-28 08:39:26,"37,170 MW"
2025-07-28 09:35:24,"36,490 MW"
2025-07-28 10:31:43,"36,434 MW"
2025-07-28 11:25:04,"36,561 MW"
2025-07-28 13:00:06,"37,174 MW"
2025-07-28 13:48:48,"38,969 MW"
2025-07-28 14:30:25,"40,829 MW"
2025-07-28 15:31:11,"41,738 MW"
2025-07-28 16:37:06,"42,867 MW"
2025-07-28 17:28:13,"43,607 MW"
2025-07-28 18:41:38,"44,759 MW"
2025-07-28 19:24:19,"45,481 MW"
2025-07-28 20:32:00,"46,260 MW"
2025-07-28 21:25:32,"46,826 MW"
2025-07-28 22:29:07,"48,266 MW"
2025-07-28 23:28:58,"48,034 MW"
2025-07-29 02:33:49,"48,348 MW"
2025-07-29 04:11:51,"47,419 MW"
2025-07-29 05:35:35,"45,508 MW"
2025-07-29 06:41:53,"43,549 MW"
2025-07-29 07:30:55,"41,971 MW"
2025-07-29 08:38:03,"40,424 MW"
2025-07-29 09:33:51,"39,532 MW"
2025-07-29 10:31:01,"39,393 MW"
2025-07-29 11:24:35,"38,981 MW"
2025-07-29 13:00:48,"38,708 MW"
2025-07-29 14:31:54,"41,218 MW"
2025-07-29 15:32:32,"42,410 MW"
2025-07-29 16:35:52,"42,873 MW"
2025-07-29 17:28:20,"43,764 MW"
2025-07-29 18:42:07,"44,829 MW"
2025-07-29 19:25:53,"45,455 MW"
2025-07-29 20:31:49,"46,835 MW"
2025-07-29 21:27:38,"47,690 MW"
2025-07-29 22:28:20,"47,924 MW"
2025-07-29 23:27:29,"48,385 MW"
2025-07-30 02:25:16,"48,464 MW"
2025-07-30 04:08:20,"46,756 MW"
2025-07-30 05:36:22,"44,911 MW"
2025-07-30 06:44:44,"42,864 MW"
2025-07-30 07:31:28,"41,476 MW"
2025-07-30 08:38:34,"40,187 MW"
2025-07-30 09:35:35,"39,416 MW"
2025-07-30 10:31:26,"38,870 MW"
2025-07-30 11:25:28,"38,540 MW"
2025-07-30 13:00:24,"38,511 MW"
2025-07-30 14:28:43,"40,919 MW"
2025-07-30 15:30:59,"42,215 MW"
2025-07-30 16:34:41,"42,744 MW"
2025-07-30 17:28:01,"44,051 MW"
2025-07-30 18:40:50,"45,220 MW"
2025-07-30 19:24:53,"46,144 MW"
2025-07-30 20:29:36,"46,930 MW"
2025-07-30 21:27:15,"47,943 MW"
2025-07-30 22:27:27,"48,437 MW"
2025-07-30 23:27:37,"48,477 MW"
2025-07-31 02:24:37,"49,007 MW"
2025-07-31 04:07:10,"47,908 MW"
2025-07-31 05:34:22,"45,868 MW"
2025-07-31 06:41:37,"43,862 MW"
2025-07-31 07:30:14,"42,533 MW"
2025-07-31 08:38:18,"40,898 MW"
2025-07-31 09:33:54,"40,053 MW"
2025-07-31 10:31:58,"39,932 MW"
2025-07-31 11:25:13,"39,477 MW"
2025-07-31 12:58:59,"39,323 MW"
2025-07-31 13:47:20,"40,827 MW"
2025-07-31 14:29:37,"42,165 MW"
2025-07-31 15:30:53,"43,027 MW"
2025-07-31 16:36:11,"44,029 MW"
2025-07-31 17:26:46,"44,458 MW"
2025-07-31 18:41:12,"45,867 MW"
2025-07-31 19:24:10,"46,778 MW"
2025-07-31 20:31:38,"47,367 MW"
2025-07-31 21:27:20,"48,643 MW"
2025-07-31 22:27:44,"49,191 MW"
2025-07-31 23:27:22,"49,268 MW"
2025-08-01 02:36:26,"48,895 MW"
2025-08-01 04:18:10,"47,895 MW"
2025-08-01 05:36:39,"46,509 MW"
2025-08-01 06:45:13,"44,480 MW"
2025-08-01 07:33:08,"43,107 MW"
2025-08-01 08:38:10,"41,490 MW"
2025-08-01 09:33:48,"40,726 MW"
2025-08-01 10:31:35,"40,152 MW"
2025-08-01 11:24:57,"39,661 MW"
2025-08-01 12:59:12,"39,362 MW"
2025-08-01 13:46:32,"40,520 MW"
2025-08-01 14:29:11,"41,659 MW"
2025-08-01 15:30:42,"43,047 MW"
2025-08-01 16:36:50,"43,938 MW"
2025-08-01 17:27:58,"44,707 MW"
2025-08-01 18:40:30,"45,849 MW"
2025-08-01 19:23:13,"46,598 MW"
2025-08-01 20:30:33,"47,483 MW"
2025-08-01 21:26:45,"48,501 MW"
2025-08-01 22:27:21,"49,155 MW"
2025-08-01 23:27:14,"49,036 MW"
2025-08-02 02:18:59,"48,954 MW"
2025-08-02 03:59:04,"48,208 MW"
2025-08-02 04:44:02,"47,534 MW"
2025-08-02 05:30:37,"46,320 MW"
2025-08-02 06:38:02,"44,848 MW"
2025-08-02 07:25:22,"43,212 MW"
2025-08-02 08:33:28,"41,404 MW"
2025-08-02 09:29:32,"40,809 MW"
2025-08-02 10:28:17,"39,908 MW"
2025-08-02 11:22:47,"39,602 MW"
2025-08-02 12:54:02,"38,527 MW"
2025-08-02 13:35:56,"39,064 MW"
2025-08-02 14:25:43,"39,495 MW"
2025-08-02 16:33:08,"41,522 MW"
2025-08-02 17:24:53,"42,055 MW"
2025-08-02 18:37:35,"42,983 MW"
2025-08-02 19:20:50,"43,182 MW"
2025-08-02 20:28:48,"43,897 MW"
2025-08-02 21:25:21,"44,549 MW"
2025-08-02 22:26:34,"45,317 MW"
2025-08-02 23:27:44,"45,727 MW"
2025-08-03 02:34:42,"47,071 MW"
2025-08-03 04:13:42,"45,470 MW"
2025-08-03 05:33:37,"43,724 MW"
2025-08-03 06:38:41,"42,120 MW"
2025-08-03 07:26:02,"40,918 MW"
2025-08-03 08:33:51,"39,514 MW"
2025-08-03 09:28:04,"38,597 MW"
2025-08-03 10:28:47,"37,481 MW"
2025-08-03 11:24:16,"36,563 MW"
2025-08-03 12:56:51,"34,456 MW"
2025-08-03 13:37:53,"34,545 MW"
2025-08-03 14:24:51,"35,421 MW"
2025-08-03 15:27:12,"35,832 MW"
2025-08-03 16:33:21,"36,127 MW"
2025-08-03 17:24:54,"36,817 MW"
2025-08-03 18:38:23,"37,896 MW"
2025-08-03 19:22:03,"38,409 MW"
2025-08-03 20:30:09,"39,514 MW"
2025-08-03 21:26:02,"39,985 MW"
2025-08-03 22:27:08,"41,249 MW"
2025-08-03 23:27:21,"42,215 MW"
2025-08-04 02:34:13,"46,055 MW"
2025-08-04 04:19:44,"45,607 MW"
2025-08-04 05:41:19,"43,318 MW"
2025-08-04 06:49:33,"41,660 MW"
2025-08-04 07:35:33,"40,827 MW"
2025-08-04 08:39:22,"39,520 MW"
2025-08-04 09:39:31,"38,368 MW"
2025-08-04 10:33:16,"37,949 MW"
2025-08-04 11:26:00,"38,101 MW"
2025-08-04 13:01:57,"38,537 MW"
2025-08-04 14:32:38,"42,073 MW"
2025-08-04 15:32:24,"43,123 MW"
2025-08-04 16:38:29,"44,703 MW"
2025-08-04 17:30:07,"45,432 MW"
2025-08-04 18:42:26,"47,045 MW"
2025-08-04 19:25:26,"47,877 MW"
2025-08-04 20:32:06,"49,209 MW"
2025-08-04 21:28:12,"49,800 MW"
2025-08-04 22:28:49,"50,755 MW"
2025-08-04 23:27:52,"50,882 MW"
2025-08-05 02:27:42,"50,936 MW"
2025-08-05 04:12:15,"50,242 MW"
2025-08-05 05:36:24,"48,264 MW"
2025-08-05 06:44:47,"46,167 MW"
2025-08-05 07:33:22,"44,751 MW"
2025-08-05 08:39:15,"43,308 MW"
2025-08-05 09:34:25,"42,285 MW"
2025-08-05 10:31:50,"41,371 MW"
2025-08-05 11:25:24,"41,533 MW"
2025-08-05 13:01:45,"40,876 MW"
2025-08-05 14:32:18,"43,571 MW"
2025-08-05 15:33:04,"44,714 MW"
2025-08-05 16:30:35,"45,412 MW"
2025-08-05 17:27:05,"46,161 MW"
2025-08-05 18:44:02,"47,573 MW"
2025-08-05 19:27:04,"48,165 MW"
2025-08-05 20:29:45,"49,014 MW"
2025-08-05 21:27:49,"50,109 MW"
2025-08-05 22:28:57,"50,760 MW"
2025-08-05 23:28:18,"50,649 MW"
2025-08-06 02:25:57,"51,040 MW"
2025-08-06 04:09:29,"49,942 MW"
2025-08-06 05:37:08,"47,924 MW"
2025-08-06 06:45:04,"45,875 MW"
2025-08-06 07:33:17,"44,701 MW"
2025-08-06 08:38:43,"43,393 MW"
2025-08-06 09:35:11,"42,168 MW"
2025-08-06 10:31:40,"41,443 MW"
2025-08-06 11:25:32,"41,498 MW"
2025-08-06 13:01:42,"40,868 MW"
2025-08-06 14:32:06,"43,667 MW"
2025-08-06 15:32:23,"44,706 MW"
2025-08-06 16:36:55,"45,732 MW"
2025-08-06 17:28:26,"46,028 MW"
2025-08-06 18:40:21,"47,679 MW"
2025-08-06 20:30:57,"49,663 MW"
2025-08-06 21:25:39,"50,729 MW"
2025-08-06 22:28:47,"50,976 MW"
2025-08-06 23:27:55,"50,794 MW"
2025-08-07 02:26:14,"51,175 MW"
2025-08-07 04:09:31,"50,164 MW"
2025-08-07 05:35:41,"48,398 MW"
2025-08-07 06:44:50,"45,883 MW"
2025-08-07 07:32:01,"44,875 MW"
2025-08-07 08:38:50,"43,046 MW"
2025-08-07 09:34:08,"42,008 MW"
2025-08-07 10:31:22,"41,101 MW"
2025-08-07 11:25:42,"41,344 MW"
2025-08-07 13:01:03,"41,143 MW"
2025-08-07 14:31:27,"43,867 MW"
2025-08-07 15:31:48,"44,750 MW"
2025-08-07 16:37:14,"45,796 MW"
2025-08-07 17:28:53,"46,460 MW"
2025-08-07 18:43:12,"47,697 MW"
2025-08-07 19:24:59,"48,653 MW"
2025-08-07 20:31:47,"49,510 MW"
2025-08-07 21:26:05,"50,329 MW"
2025-08-07 22:28:40,"51,006 MW"
2025-08-07 23:28:02,"50,868 MW"
2025-08-08 02:25:58,"50,714 MW"
2025-08-08 04:08:52,"49,372 MW"
2025-08-08 05:35:28,"47,200 MW"
2025-08-08 06:44:26,"45,482 MW"
2025-08-08 07:32:09,"44,339 MW"
2025-08-08 08:38:11,"42,452 MW"
2025-08-08 09:34:16,"41,772 MW"
2025-08-08 10:30:58,"41,140 MW"
2025-08-08 11:25:16,"40,919 MW"
2025-08-08 12:59:46,"40,731 MW"
2025-08-08 13:47:36,"41,853 MW"
2025-08-08 14:29:15,"42,956 MW"
2025-08-08 15:30:32,"44,192 MW"
2025-08-08 16:33:40,"45,186 MW"
2025-08-08 17:22:22,"45,868 MW"
2025-08-08 18:38:05,"47,022 MW"
2025-08-08 19:20:55,"47,943 MW"
2025-08-08 20:30:16,"48,682 MW"
2025-08-08 21:25:29,"49,403 MW"
2025-08-08 22:26:19,"49,701 MW"
2025-08-08 23:25:50,"49,843 MW"
2025-08-09 02:08:19,"49,741 MW"
2025-08-09 03:53:45,"49,932 MW"
2025-08-09 04:35:25,"48,469 MW"
2025-08-09 05:26:24,"47,407 MW"
2025-08-09 06:38:12,"45,385 MW"
2025-08-09 07:24:17,"43,683 MW"
2025-08-09 08:33:00,"42,287 MW"
2025-08-09 09:26:49,"41,390 MW"
2025-08-09 10:27:23,"40,756 MW"
2025-08-09 11:21:31,"39,873 MW"
2025-08-09 12:53:07,"38,817 MW"
2025-08-09 13:34:20,"39,518 MW"
2025-08-09 14:24:38,"40,566 MW"
2025-08-09 15:26:29,"41,573 MW"
2025-08-09 16:32:11,"42,111 MW"
2025-08-09 17:22:47,"43,229 MW"
2025-08-09 18:36:44,"43,880 MW"
2025-08-09 19:20:14,"44,111 MW"
2025-08-09 20:28:18,"44,657 MW"
2025-08-09 21:24:18,"45,014 MW"
2025-08-09 22:25:43,"45,907 MW"
2025-08-09 23:25:24,"46,308 MW"
2025-08-10 02:29:59,"48,020 MW"
2025-08-10 04:07:39,"46,286 MW"
2025-08-10 05:29:56,"44,720 MW"
2025-08-10 06:37:57,"43,328 MW"
2025-08-10 07:24:30,"41,978 MW"
2025-08-10 08:33:02,"40,194 MW"
2025-08-10 09:27:08,"39,345 MW"
2025-08-10 10:27:45,"38,659 MW"
2025-08-10 11:21:42,"38,352 MW"
2025-08-10 12:53:46,"36,571 MW"
2025-08-10 13:34:48,"35,971 MW"
2025-08-10 14:24:25,"36,193 MW"
2025-08-10 15:26:15,"36,714 MW"
2025-08-10 16:31:50,"37,476 MW"
2025-08-10 17:22:14,"38,022 MW"
2025-08-10 18:36:09,"38,871 MW"
2025-08-10 19:20:37,"39,564 MW"
2025-08-10 20:28:35,"40,462 MW"
2025-08-10 21:24:28,"41,340 MW"
2025-08-10 22:25:35,"41,807 MW"
2025-08-10 23:25:24,"42,222 MW"
2025-08-11 02:25:46,"45,873 MW"
2025-08-11 04:08:36,"45,433 MW"
2025-08-11 05:34:48,"43,865 MW"
2025-08-11 06:43:54,"42,385 MW"
2025-08-11 07:31:18,"40,768 MW"
2025-08-11 08:39:06,"39,540 MW"
2025-08-11 09:33:34,"38,635 MW"
2025-08-11 10:31:13,"38,167 MW"
2025-08-11 11:24:59,"38,023 MW"
2025-08-11 12:59:10,"38,667 MW"
2025-08-11 13:46:50,"40,541 MW"
2025-08-11 14:29:15,"42,296 MW"
2025-08-11 15:30:24,"44,028 MW"
2025-08-11 16:36:00,"45,223 MW"
2025-08-11 17:26:21,"45,597 MW"
2025-08-11 18:40:39,"46,999 MW"
2025-08-11 19:23:07,"47,497 MW"
2025-08-11 20:27:33,"48,914 MW"
2025-08-11 21:23:46,"50,212 MW"
2025-08-11 22:26:06,"50,839 MW"
2025-08-11 23:25:00,"50,463 MW"
2025-08-12 02:07:42,"51,076 MW"
2025-08-12 03:51:56,"50,177 MW"
2025-08-12 04:34:35,"49,501 MW"
2025-08-12 05:26:42,"48,325 MW"
2025-08-12 06:39:54,"45,855 MW"
2025-08-12 07:26:50,"44,827 MW"
2025-08-12 08:35:22,"42,812 MW"
2025-08-12 09:29:45,"42,168 MW"
2025-08-12 10:29:51,"41,171 MW"
2025-08-12 11:23:12,"41,070 MW"
2025-08-12 12:56:05,"40,805 MW"
2025-08-12 13:39:31,"41,898 MW"
2025-08-12 14:27:28,"43,268 MW"
2025-08-12 15:29:52,"44,770 MW"
2025-08-12 16:35:17,"45,549 MW"
2025-08-12 17:25:27,"46,053 MW"
2025-08-12 18:39:43,"47,888 MW"
2025-08-12 19:21:26,"48,790 MW"
2025-08-12 20:29:58,"49,623 MW"
2025-08-12 21:25:28,"50,770 MW"
2025-08-12 22:25:29,"51,377 MW"
2025-08-12 23:25:08,"51,094 MW"
2025-08-13 02:09:18,"50,848 MW"
2025-08-13 03:54:13,"50,054 MW"
2025-08-13 04:36:27,"49,487 MW"
2025-08-13 05:28:01,"48,338 MW"
2025-08-13 06:40:15,"45,632 MW"
2025-08-13 07:27:14,"44,438 MW"
2025-08-13 08:36:24,"42,764 MW"
2025-08-13 10:30:04,"41,897 MW"
2025-08-13 11:23:55,"41,466 MW"
2025-08-13 12:57:03,"41,220 MW"
2025-08-13 13:41:05,"41,856 MW"
2025-08-13 14:27:52,"43,794 MW"
2025-08-13 15:25:42,"44,731 MW"
2025-08-13 16:29:45,"45,604 MW"
2025-08-13 17:21:31,"46,424 MW"
2025-08-13 18:37:34,"47,609 MW"
2025-08-13 19:21:29,"47,999 MW"
2025-08-13 20:29:37,"49,039 MW"
2025-08-13 21:25:04,"50,154 MW"
2025-08-13 22:25:04,"50,764 MW"
2025-08-13 23:25:32,"50,715 MW"
2025-08-14 02:10:04,"50,455 MW"
2025-08-14 03:54:57,"49,531 MW"
2025-08-14 04:36:15,"49,227 MW"
2025-08-14 05:27:38,"48,121 MW"
2025-08-14 06:40:42,"45,683 MW"
2025-08-14 07:26:53,"44,372 MW"
2025-08-14 08:36:37,"42,974 MW"
2025-08-14 09:30:46,"42,037 MW"
2025-08-14 10:30:45,"41,394 MW"
2025-08-14 11:23:39,"41,212 MW"
2025-08-14 12:57:53,"40,516 MW"
2025-08-14 13:41:56,"41,997 MW"
2025-08-14 14:26:53,"43,635 MW"
2025-08-14 15:29:38,"44,982 MW"
2025-08-14 16:34:55,"45,283 MW"
2025-08-14 17:24:21,"46,083 MW"
2025-08-14 18:39:08,"47,545 MW"
2025-08-14 19:20:45,"48,089 MW"
2025-08-14 20:29:49,"48,836 MW"
2025-08-14 21:25:16,"49,544 MW"
2025-08-14 22:25:39,"50,182 MW"
2025-08-14 23:25:03,"50,156 MW"
2025-08-15 02:10:38,"50,314 MW"
2025-08-15 03:55:16,"49,207 MW"
2025-08-15 04:36:51,"48,297 MW"
2025-08-15 05:27:48,"47,658 MW"
2025-08-15 06:39:51,"45,078 MW"
2025-08-15 07:25:54,"43,856 MW"
2025-08-15 08:34:47,"42,048 MW"
2025-08-15 09:28:26,"41,342 MW"
2025-08-15 10:28:33,"40,880 MW"
2025-08-15 11:22:24,"40,702 MW"
2025-08-15 12:53:44,"40,547 MW"
2025-08-15 13:35:51,"41,607 MW"
2025-08-15 14:26:13,"42,979 MW"
2025-08-15 15:27:21,"44,189 MW"
2025-08-15 16:32:41,"44,971 MW"
2025-08-15 17:23:57,"45,530 MW"
2025-08-15 18:38:27,"46,316 MW"
2025-08-15 19:20:31,"46,909 MW"
2025-08-15 20:28:45,"47,865 MW"
2025-08-15 21:22:18,"48,792 MW"
2025-08-15 22:25:53,"48,775 MW"
2025-08-15 23:24:51,"49,039 MW"
2025-08-16 02:04:32,"48,957 MW"
2025-08-16 03:49:04,"48,295 MW"
2025-08-16 04:32:23,"47,555 MW"
2025-08-16 05:25:53,"47,091 MW"
2025-08-16 06:36:21,"45,163 MW"
2025-08-16 07:23:30,"43,222 MW"
2025-08-16 08:32:07,"41,879 MW"
2025-08-16 09:25:59,"41,233 MW"
2025-08-16 10:25:57,"40,815 MW"
2025-08-16 11:19:48,"40,299 MW"
2025-08-16 12:51:23,"39,112 MW"
2025-08-16 13:31:35,"40,196 MW"
2025-08-16 14:22:45,"40,251 MW"
2025-08-16 15:24:37,"41,623 MW"
2025-08-16 16:30:12,"42,507 MW"
2025-08-16 17:21:02,"42,628 MW"
2025-08-16 18:34:29,"43,386 MW"
2025-08-16 19:20:18,"43,689 MW"
2025-08-16 20:26:33,"43,618 MW"
2025-08-16 21:22:50,"44,026 MW"
2025-08-16 22:24:44,"44,813 MW"
2025-08-16 23:23:24,"45,054 MW"
2025-08-17 02:22:11,"47,172 MW"
2025-08-17 03:57:38,"45,596 MW"
2025-08-17 04:39:39,"44,563 MW"
2025-08-17 05:26:35,"43,495 MW"
2025-08-17 06:37:13,"41,528 MW"
2025-08-17 07:23:59,"40,612 MW"
2025-08-17 08:33:10,"38,633 MW"
2025-08-17 09:25:41,"37,740 MW"
2025-08-17 10:26:28,"37,082 MW"
2025-08-17 11:20:19,"36,449 MW"
2025-08-17 12:52:12,"35,015 MW"
2025-08-17 13:33:02,"34,705 MW"
2025-08-17 14:23:25,"34,863 MW"
2025-08-17 15:25:10,"35,540 MW"
2025-08-17 16:31:00,"35,723 MW"
2025-08-17 17:22:23,"36,237 MW"
2025-08-17 18:35:34,"37,291 MW"
2025-08-17 19:20:25,"37,798 MW"
2025-08-17 20:28:10,"38,652 MW"
2025-08-17 21:23:49,"39,529 MW"
2025-08-17 22:25:25,"40,347 MW"
2025-08-17 23:24:44,"40,811 MW"
2025-08-18 02:22:44,"45,131 MW"
2025-08-18 04:04:03,"44,568 MW"
2025-08-18 05:30:27,"42,986 MW"
2025-08-18 06:43:32,"40,849 MW"
2025-08-18 07:28:52,"39,872 MW"
2025-08-18 08:37:29,"38,101 MW"
2025-08-18 09:32:54,"37,231 MW"
2025-08-18 10:30:55,"36,784 MW"
2025-08-18 11:24:23,"36,879 MW"
2025-08-18 12:57:53,"38,117 MW"
2025-08-18 13:42:19,"39,385 MW"
2025-08-18 14:28:31,"41,194 MW"
2025-08-18 15:30:32,"42,737 MW"
2025-08-18 16:34:49,"43,935 MW"
2025-08-18 17:26:11,"44,313 MW"
2025-08-18 18:39:33,"46,035 MW"
2025-08-18 19:22:24,"46,682 MW"
2025-08-18 20:27:05,"47,551 MW"
2025-08-18 21:23:00,"48,294 MW"
2025-08-18 22:22:53,"49,518 MW"
2025-08-18 23:23:57,"49,389 MW"
2025-08-19 02:03:15,"49,960 MW"
2025-08-19 03:44:35,"49,687 MW"
2025-08-19 04:30:32,"48,767 MW"
2025-08-19 05:25:45,"47,593 MW"
2025-08-19 06:38:35,"44,843 MW"
2025-08-19 07:24:42,"43,856 MW"
2025-08-19 08:34:11,"42,238 MW"
2025-08-19 09:27:38,"41,520 MW"
2025-08-19 10:27:51,"40,823 MW"
2025-08-19 11:21:46,"40,349 MW"
2025-08-19 12:52:11,"40,200 MW"
2025-08-19 13:34:52,"41,216 MW"
2025-08-19 14:26:16,"42,674 MW"
2025-08-19 15:27:52,"44,036 MW"
2025-08-19 16:32:42,"44,719 MW"
2025-08-19 17:22:40,"45,072 MW"
2025-08-19 18:34:47,"46,505 MW"
2025-08-19 19:20:07,"47,573 MW"
2025-08-19 20:27:32,"48,673 MW"
2025-08-19 21:24:54,"49,179 MW"
2025-08-19 22:24:39,"49,830 MW"
2025-08-19 23:23:34,"49,832 MW"
2025-08-20 02:01:19,"50,351 MW"
2025-08-20 03:43:09,"49,924 MW"
2025-08-20 04:31:12,"49,115 MW"
2025-08-20 05:25:54,"47,913 MW"
2025-08-20 06:38:41,"45,691 MW"
2025-08-20 07:25:33,"44,135 MW"
2025-08-20 08:33:52,"42,895 MW"
2025-08-20 09:28:22,"41,709 MW"
2025-08-20 10:28:08,"41,034 MW"
2025-08-20 11:21:22,"41,001 MW"
2025-08-20 12:54:07,"40,578 MW"
2025-08-20 13:35:23,"41,810 MW"
2025-08-20 14:27:05,"43,286 MW"
2025-08-20 15:28:33,"44,273 MW"
2025-08-20 16:31:12,"44,883 MW"
2025-08-20 17:22:34,"45,319 MW"
2025-08-20 18:37:03,"46,486 MW"
2025-08-20 19:20:28,"47,172 MW"
2025-08-20 20:28:47,"48,146 MW"
2025-08-20 21:23:33,"48,811 MW"
2025-08-20 22:23:23,"49,388 MW"
2025-08-20 23:23:16,"49,466 MW"
2025-08-21 02:00:04,"49,681 MW"
2025-08-21 03:13:11,"49,357 MW"
2025-08-21 04:30:27,"48,413 MW"
2025-08-21 05:26:03,"46,934 MW"
2025-08-21 06:48:30,"44,706 MW"
2025-08-21 07:26:52,"43,498 MW"
2025-08-21 08:33:20,"41,707 MW"
2025-08-21 09:28:36,"40,954 MW"
2025-08-21 10:27:45,"40,575 MW"
2025-08-21 11:21:58,"40,369 MW"
2025-08-21 12:53:26,"39,990 MW"
2025-08-21 13:35:18,"41,447 MW"
2025-08-21 14:26:41,"43,070 MW"
2025-08-21 15:27:42,"44,071 MW"
2025-08-21 16:36:48,"45,439 MW"
2025-08-21 17:22:49,"45,701 MW"
2025-08-21 18:35:07,"46,785 MW"
2025-08-21 19:20:10,"47,727 MW"
2025-08-21 20:27:31,"48,464 MW"
2025-08-21 21:23:11,"49,324 MW"
2025-08-21 22:25:30,"49,714 MW"
2025-08-21 23:23:29,"49,758 MW"
2025-08-22 02:00:52,"49,756 MW"
2025-08-22 03:42:40,"49,085 MW"
2025-08-22 04:29:35,"48,346 MW"
2025-08-22 05:25:45,"46,765 MW"
2025-08-22 06:38:08,"45,127 MW"
2025-08-22 07:23:46,"43,855 MW"
2025-08-22 08:33:25,"42,431 MW"
2025-08-22 09:27:41,"41,396 MW"
2025-08-22 10:27:02,"40,656 MW"
2025-08-22 11:20:42,"40,581 MW"
2025-08-22 12:51:56,"40,037 MW"
2025-08-22 13:33:28,"41,210 MW"
2025-08-22 14:25:01,"42,592 MW"
2025-08-22 15:25:55,"43,880 MW"
2025-08-22 16:31:25,"44,808 MW"
2025-08-22 17:22:53,"45,584 MW"
2025-08-22 18:35:14,"45,997 MW"
2025-08-22 19:20:38,"46,650 MW"
2025-08-22 20:27:55,"47,636 MW"
2025-08-22 21:22:32,"48,035 MW"
2025-08-22 22:23:52,"48,729 MW"
2025-08-22 23:23:00,"48,846 MW"
2025-08-23 01:56:29,"48,810 MW"
2025-08-23 03:07:55,"47,668 MW"
2025-08-23 04:28:48,"46,935 MW"
2025-08-23 05:23:22,"46,195 MW"
2025-08-23 06:34:33,"44,117 MW"
2025-08-23 07:22:02,"43,008 MW"
2025-08-23 08:29:52,"41,604 MW"
2025-08-23 09:23:57,"40,658 MW"
2025-08-23 10:24:52,"39,710 MW"
2025-08-23 11:19:12,"39,202 MW"
2025-08-23 12:48:38,"37,952 MW"
2025-08-23 13:29:13,"38,578 MW"
2025-08-23 14:21:24,"39,837 MW"
2025-08-23 15:22:49,"41,036 MW"
2025-08-23 16:28:03,"41,955 MW"
2025-08-23 17:19:27,"42,100 MW"
2025-08-23 18:32:39,"42,953 MW"
2025-08-23 19:18:12,"43,144 MW"
2025-08-23 20:25:23,"43,608 MW"
2025-08-23 21:21:27,"43,657 MW"
2025-08-23 22:23:03,"44,500 MW"
2025-08-23 23:22:50,"44,585 MW"
2025-08-24 02:11:50,"46,126 MW"
2025-08-24 03:50:47,"44,998 MW"
2025-08-24 04:32:09,"43,795 MW"
2025-08-24 05:24:48,"42,520 MW"
2025-08-24 06:35:31,"41,080 MW"
2025-08-24 07:22:55,"39,724 MW"
2025-08-24 08:29:57,"38,373 MW"
2025-08-24 09:23:38,"37,464 MW"
2025-08-24 10:25:08,"36,439 MW"
2025-08-24 11:19:16,"35,597 MW"
2025-08-24 12:49:05,"34,123 MW"
2025-08-24 13:30:02,"34,445 MW"
2025-08-24 14:21:41,"34,633 MW"
2025-08-24 15:23:42,"35,184 MW"
2025-08-24 16:29:24,"35,599 MW"
2025-08-24 17:20:42,"36,289 MW"
2025-08-24 18:33:26,"37,114 MW"
2025-08-24 19:19:14,"37,793 MW"
2025-08-24 20:26:29,"38,752 MW"
2025-08-24 21:22:08,"39,329 MW"
2025-08-24 22:23:42,"39,827 MW"
2025-08-24 23:23:25,"40,411 MW"
2025-08-25 02:05:54,"43,617 MW"
2025-08-25 03:50:47,"43,737 MW"
2025-08-25 04:33:24,"42,909 MW"
2025-08-25 05:27:16,"41,250 MW"
2025-08-25 06:40:11,"40,005 MW"
2025-08-25 07:25:44,
2025-08-25 08:36:00,"37,397 MW"
2025-08-25 09:29:07,"37,065 MW"
2025-08-25 10:29:04,"36,600 MW"
2025-08-25 11:22:10,"36,490 MW"
2025-08-25 12:54:49,"37,264 MW"
2025-08-25 13:35:17,"38,606 MW"
2025-08-25 14:26:50,"40,444 MW"
2025-08-25 15:27:33,"42,506 MW"
2025-08-25 16:32:11,"43,639 MW"
2025-08-25 18:36:55,"45,259 MW"
2025-08-25 19:20:00,"45,838 MW"
2025-08-25 20:27:57,"46,857 MW"
2025-08-25 21:23:31,"47,521 MW"
2025-08-25 22:24:41,"48,159 MW"
2025-08-25 23:23:41,"47,845 MW"
2025-08-26 02:01:59,"48,024 MW"
2025-08-26 03:43:51,"47,603 MW"
2025-08-26 04:30:25,"47,016 MW"
2025-08-26 05:26:26,"44,991 MW"
2025-08-26 06:38:48,"42,766 MW"
2025-08-26 07:25:12,"41,729 MW"
2025-08-26 08:35:10,"40,261 MW"
2025-08-26 09:28:19,"39,627 MW"
2025-08-26 10:28:11,"39,212 MW"
2025-08-26 11:22:35,"38,975 MW"
2025-08-26 12:55:49,"38,988 MW"
2025-08-26 13:37:34,"40,276 MW"
2025-08-26 14:24:57,"41,622 MW"
2025-08-26 15:26:59,"42,572 MW"
2025-08-26 16:31:27,"43,300 MW"
2025-08-26 17:22:50,"44,188 MW"
2025-08-26 18:35:16,"45,015 MW"
2025-08-26 19:19:26,"45,645 MW"
2025-08-26 20:27:20,"46,311 MW"
2025-08-26 21:21:52,"47,296 MW"
2025-08-26 22:23:33,"47,786 MW"
2025-08-26 23:22:41,"47,864 MW"
2025-08-27 01:57:54,"48,500 MW"
2025-08-27 03:07:36,"48,149 MW"
2025-08-27 04:29:36,"47,022 MW"
2025-08-27 05:24:31,"45,366 MW"
2025-08-27 06:36:05,"43,000 MW"
2025-08-27 07:23:51,"41,745 MW"
2025-08-27 08:33:10,"40,551 MW"
2025-08-27 09:26:43,"39,647 MW"
2025-08-27 10:26:11,"39,104 MW"
2025-08-27 11:20:19,"38,924 MW"
2025-08-27 12:52:01,"38,871 MW"
2025-08-27 13:32:45,"40,127 MW"
2025-08-27 14:24:29,"41,903 MW"
2025-08-27 15:26:30,"42,768 MW"
2025-08-27 16:31:55,"43,611 MW"
2025-08-27 17:22:11,"44,025 MW"
2025-08-27 18:33:44,"45,263 MW"
2025-08-27 19:20:12,"45,772 MW"
2025-08-27 20:27:18,"46,850 MW"
2025-08-27 21:22:20,"48,086 MW"
2025-08-27 22:22:59,"48,531 MW"
2025-08-27 23:22:22,"48,799 MW"
2025-08-28 01:57:04,"49,070 MW"
2025-08-28 03:07:32,"48,766 MW"
2025-08-28 04:29:11,"47,173 MW"
2025-08-28 05:25:04,"46,042 MW"
2025-08-28 06:37:20,"43,958 MW"
2025-08-28 07:24:39,"42,116 MW"
2025-08-28 08:33:13,"40,437 MW"
2025-08-28 09:26:44,"39,919 MW"
2025-08-28 10:26:57,"39,405 MW"
2025-08-28 11:20:08,"38,640 MW"
2025-08-28 12:52:18,"38,774 MW"
2025-08-28 13:33:36,"39,831 MW"
2025-08-28 14:25:22,"41,343 MW"
2025-08-28 15:26:29,"42,675 MW"
2025-08-28 16:31:46,"43,608 MW"
2025-08-28 17:22:02,"44,478 MW"
2025-08-28 18:35:34,"45,277 MW"
2025-08-28 19:19:50,"46,223 MW"
2025-08-28 20:27:05,"47,329 MW"
2025-08-28 21:22:00,"48,238 MW"
2025-08-28 22:23:06,"49,113 MW"
2025-08-28 23:22:45,"49,188 MW"
2025-08-29 01:57:10,"49,438 MW"
2025-08-29 03:07:27,"49,187 MW"
2025-08-29 04:29:34,"47,616 MW"
2025-08-29 05:24:30,"46,694 MW"
2025-08-29 06:36:06,"44,155 MW"
2025-08-29 07:24:37,"42,782 MW"
2025-08-29 08:32:47,"41,405 MW"
2025-08-29 09:26:58,"40,336 MW"
2025-08-29 10:26:42,"39,780 MW"
2025-08-29 11:20:02,"39,658 MW"
2025-08-29 12:51:12,"39,773 MW"
2025-08-29 13:32:28,"40,713 MW"
2025-08-29 14:23:33,"41,911 MW"
2025-08-29 15:23:30,"42,959 MW"
2025-08-29 16:30:51,"43,790 MW"
2025-08-29 17:21:02,"44,572 MW"
2025-08-29 18:32:20,"45,406 MW"
2025-08-29 19:18:29,"46,371 MW"
2025-08-29 20:25:55,"47,443 MW"
2025-08-29 21:21:41,"48,215 MW"
2025-08-29 22:23:01,"49,038 MW"
2025-08-29 23:22:31,"48,967 MW"
2025-08-30 01:51:43,"49,355 MW"
2025-08-30 03:00:54,"48,957 MW"
2025-08-30 04:27:35,"47,830 MW"
2025-08-30 05:22:18,"47,000 MW"
2025-08-30 06:32:40,"44,793 MW"
2025-08-30 07:20:37,"43,483 MW"
2025-08-30 08:28:53,"41,600 MW"
2025-08-30 09:22:35,"40,856 MW"
2025-08-30 10:23:21,"39,982 MW"
2025-08-30 11:18:10,"39,678 MW"
2025-08-30 12:46:20,"38,488 MW"
2025-08-30 13:26:32,"39,117 MW"
2025-08-30 14:20:32,"39,746 MW"
2025-08-30 15:22:11,"40,630 MW"
2025-08-30 16:27:55,"41,358 MW"
2025-08-30 17:19:12,"42,007 MW"
2025-08-30 18:31:37,"43,094 MW"
2025-08-30 19:18:08,"43,190 MW"
2025-08-30 20:24:37,"43,649 MW"
2025-08-30 21:20:20,"44,088 MW"
2025-08-30 22:21:49,"44,977 MW"
2025-08-30 23:21:47,"45,324 MW"
2025-08-31 02:03:00,"46,690 MW"
2025-08-31 03:39:06,"45,951 MW"
2025-08-31 04:28:23,"44,719 MW"
2025-08-31 05:23:08,"43,344 MW"
2025-08-31 06:34:05,"41,401 MW"
2025-08-31 07:21:38,"39,779 MW"
2025-08-31 08:28:27,"38,838 MW"
2025-08-31 09:22:39,"37,763 MW"
2025-08-31 10:23:23,"37,111 MW"
2025-08-31 11:18:24,"36,363 MW"
2025-08-31 12:47:34,"34,896 MW"
2025-08-31 13:27:43,"34,859 MW"
2025-08-31 14:20:48,"35,539 MW"
2025-08-31 15:22:37,"35,607 MW"
2025-08-31 16:28:13,"36,025 MW"
2025-08-31 17:19:29,"36,381 MW"
2025-08-31 18:32:43,"37,600 MW"
2025-08-31 19:18:20,"37,926 MW"
2025-08-31 20:25:23,"38,938 MW"
2025-08-31 22:22:47,"40,968 MW"
